{
  "dataset": [
    {
      "filename": "25-02-15-sw5.csv",
      "gswoop_rotation": -263.0,
      "gswoop_turn_time": 8.0,
      "gswoop_turn_start_alt": 690.0,
      "gswoop_max_vspeed_alt": 256.0,
      "full_swoop_rotation": -323.58283189174875,
      "full_swoop_confidence": 0.4046352012027916,
      "full_swoop_method": "dominant",
      "full_swoop_intended": 270,
      "turn_segment_rotation": -152.33743689107843,
      "turn_segment_confidence": 1.0,
      "turn_segment_method": "altitude_based_segment",
      "turn_segment_intended": 270,
      "features": {
        "flight_duration": 350.20000000000005,
        "total_altitude_loss": 6202.55249343832,
        "turn_duration": 24.0,
        "turn_points": 120,
        "entry_altitude": 1066.742125984252,
        "max_gspeed_altitude": 28.051181102362207,
        "altitude_loss_in_turn": 1038.6909448818897,
        "entry_speed": 56.867418990063506,
        "max_vspeed": 25.0313586,
        "max_gspeed": 45.38819062258476,
        "heading_start": 321.3718702053689,
        "heading_end": 150.73146339572696,
        "net_heading_change": -170.64040680964195,
        "avg_turn_rate": 20.022069620750226,
        "max_turn_rate": 158.36132626369718,
        "turn_rate_std": 6.244237092557709,
        "total_heading_change": 476.52525697385545,
        "direction_consistency": 0.14285714285714285,
        "avg_horizontal_accuracy": 1.889225,
        "max_horizontal_accuracy": 1.977,
        "fs_rotation": -323.58283189174875,
        "fs_confidence": 0.4046352012027916,
        "fs_intended": 270,
        "fs_duration": 23.8,
        "ts_rotation": -152.33743689107843,
        "ts_confidence": 1.0,
        "ts_intended": 270,
        "ts_duration": 4.0,
        "ts_start_alt": 228.31692913385822,
        "ts_end_alt": 3.0216535433070844
      },
      "difference_from_gswoop": 60.582831891748754,
      "is_reliable": 